Reference,Nom_Produit,Categorie,Unite_Production,Date_Fabrication,Labelisation,Nom_Label,Description,Image,Lien_Image,Annee,Image_Disponible,fait_par_main,Prix_Estime,Category_par_Group
PeCa01,Tableau Ayat al-Kursi & sourate Al-Falaq An-Nas,Calligraphie,Non spécifié,2023,non spécifié,Non spécifié,"Tableau décoratif sous verre réunissant Ayat al-Kursi et les sourates Al-Falaq et An-Nas. Calligraphie élégante en arabe, imprimée sur papier artistique, encadrée dans un cadre en bois noir mat ou naturel, avec verre synthétique anti-casse. Disponible en deux tailles (35×45 cm et 50×70 cm).",pas visible,https://alouette.ma/wp-content/uploads/2025/06/modeles-triple.jpg,2023,1,0,non disponible,calligraphie
PeCa02,Tableau – Calligraphie arabe abstraite & motifs géométriques,Calligraphie,Non spécifié,2022,non spécifié,Non spécifié,"Tableau encadré mêlant calligraphie arabe stylisée et motifs géométriques islamiques. Impression haute qualité sur papier artistique, protégé par un verre synthétique anti-casse et encadré dans un bois noir mat ou naturel. Disponible en deux tailles : 35×45 cm et 50×70 cm. Prêt à suspendre grâce à des crochets inclus.",pas visible,https://alouette.ma/wp-content/uploads/2025/05/model-A710-1-450x450.jpg,2022,1,0,non disponible,calligraphie
PeCa03,Tableaux – Calligraphie islamique design moderne (lot de 2),Calligraphie,Non spécifié,2021,non spécifié,Non spécifié,Lot de deux tableaux modernes de calligraphie islamique imprimés sur fond multicolore. Chaque poster est encadré d’un cadre noir et protégé par un verre synthétique anti-casse. Impression haute qualité sur papier artistique. Disponible en deux tailles : 35×45 cm et 50×70 cm.,pas visible,https://alouette.ma/wp-content/uploads/2022/12/Tableau-decoration-ayat-Al-Fatiha-coran-calligraphie-Maroc-1.jpg,2021,1,0,non disponible,calligraphie
PeCa04,"Tableau – Calligraphie ""La ilaha illa Allah"" & fond marin",Calligraphie,Non spécifié,2020,non spécifié,Non spécifié,"Tableau islamique moderne imprimé avec l’inscription “La ilaha illa Allah” sur un fond artistique évoquant la mer. Impression haute qualité sur papier artistique, encadré d’un bois noir élégant et protégé par un verre synthétique anti-casse. Disponible en 2 tailles : 35×45 cm et 50×70 cm.",pas visible```
PeCa05,Peinture – Fontaine Nejjarine,peinture à l’huile,Atelier LAW7ATY – Fès,2023,oui,pièce peinte à la main,"Peinture à l’huile sur toile représentant la célèbre fontaine Nejjarine à Fès. Œuvre peinte à la main avec soin par un artiste de l’atelier LAW7ATY. Dimensions : 70×90 cm (sans cadre). Une pièce unique, idéale pour salon, chambre ou bureau.",pas visible,https://law7aty.ma/wp-content/uploads/2021/08/TABLEAU-FES-2-1-360x396.jpg,2023,1,0,non disponible,Peinture
PeCa06,Peinture – Cavalier en tenue traditionnelle marocaine,peinture à l’huile,"Atelier de ""Ayoub El Fatyhy""",2023,oui,Œuvre originale – signée avec certificat d’authenticité,"Peinture à l’huile sur toile représentant un cavalier en tenue traditionnelle marocaine. Œuvre peinte à la main par l’artiste Ayoub El Fatyhy, signée au recto et verso, avec certificat d’authenticité fourni. Dimensions : 100×70 cm (sans cadre). Tableau encadré, stock limité.",pas visible,https://law7aty.ma/wp-content/uploads/2021/06/b0aa2693-75f5-40b7-a559-2758c331b28f-355x432.jpg,2023,1,0,non disponible,Peinture
PeCa07,Peinture – Objets Traditionnels Marocains 001,peinture à l’huile,"Atelier de ""Ayoub El Fatyhy""",2023,oui,Œuvre originale – signée avec certificat d’authenticité,"Peinture à l’huile sur toile représentant des objets traditionnels marocains. Œuvre peinte à la main par l’artiste Ayoub El Fatyhy, signée au recto et verso, avec certificat d’authenticité fourni. Dimensions : 60×80 cm. Tableau encadré.",pas visible,https://law7aty.ma/wp-content/uploads/2020/12/81-360x432.webp,2023,1,0,non disponible,Peinture
PeCa08,Peinture – Calligraphie arabe,Calligraphie,Atelier LAW7ATY,2023,oui,Œuvre originale – signée avec certificat d’authenticité,"Peinture à l’huile sur toile représentant une calligraphie arabe, réalisée à la main par l’artiste Ayoub El Fatyhy. Dimensions : 100×80 cm. Une œuvre élégante et contemporaine idéale pour votre salon, chambre ou bureau.",pas visible,https://law7aty.ma/wp-content/uploads/2020/12/Tableau-calligraphie-1-20230328-223310-360x432.jpg,2023,1,0,non disponible,calligraphie
PeCa09,Peinture – Objets Marocains Traditionnels,peinture à l’huile,Atelier LAW7ATY,2023,oui,Œuvre originale – signée avec certificat d’authenticité,"Peinture à l’huile sur toile représentant des objets traditionnels marocains, réalisée à la main par l’artiste Ayoub El Fatyhy. Tableau signé au recto et verso, avec certificat d’authenticité fourni. Dimensions : 60×80 cm (sans cadre). Tableau encadré. Œuvre unique,",pas visible,https://law7aty.ma/wp-content/uploads/2020/12/83-360x432.webp,2023,1,0,non disponible,Peinture
PeCa10,Tableau Calligraphie Islamique Maroc,Calligraphie,Alouette Déco maroc,2025,non spécifié,Non spécifié,"Tableau décoratif islamique avec calligraphie arabe coranique sacrée, imprimé en haute qualité, prêt à accrocher. Cadre en bois élégant, verre anti-casse pour protection. Idéal pour chambre, salon ou espace professionnel. Ajoute élégance et spiritualité à la décoration. Disponible en taille 35 x 45 cm et 50 x 70 cm.",pas visible,https://alouette.ma/wp-content/uploads/2025/06/Grand-50x70-h11-A892.jpg,2025,1,0,non disponible,calligraphie
PeCa11,Peinture – Symboles Spirituels Marocains,Peinture à l’huile,Atelier LAW7ATY,2023,oui,Œuvre originale – signée avec certificat d’authenticité,"Peinture à l’huile sur toile représentant une composition riche en symboles marocains : un Coran rouge, un sabre artisanal et une sacoche traditionnelle sur fond vert. Réalisée à la main par l’artiste Ayoub El Fatyhy, signée au recto et au verso. Dimensions : 60×80 cm. Tableau encadré.",pas visible,https://law7aty.ma/wp-content/uploads/2023/05/79-360x432.webp,2023,1,1,non disponible,Peinture
PeCa12,Peinture – Composition Traditionnelle Élégante,Peinture à l’huile,Atelier LAW7ATY,2024,oui,Œuvre originale – signée avec certificat d’authenticité,"Peinture à l’huile sur toile représentant une nature morte traditionnelle, réalisée avec soin et passion. Chaque œuvre est peinte à la main par les artistes de l’atelier LAW7ATY. Dimensions : 60×80 cm. Tableau encadré",pas visible,https://law7aty.ma/wp-content/uploads/2023/05/87-360x432.webp,2024,1,0,non disponible,Peinture
PeCa13,Tableau Fleurs Blanches et Roses,Peinture Florale,Alouette Déco maroc,2024,non spécifié,Non spécifié,"Ce tableau encadré représente un bouquet de fleurs blanches et roses, capturant toute la finesse et la délicatesse de la nature. La composition, à la fois lumineuse et apaisante, évoque la tendresse et la sérénité, idéale pour accompagner l’atmosphère intime d’une chambre à coucher. Avec son encadrement sous verre et ses dimensions de 35 x 45 cm ou 50 x 70 cm, il s’intègre avec grâce dans un espace mural, au-dessus d’un lit ou dans un coin paisible de la maison",pas visible,https://alouette.ma/wp-content/uploads/2025/04/Grande-50X70-15-A630.jpg,2024,1,0,non disponible,Peinture
PeCa14,Copper Art,Peinture,Fouzi Yassine-Coopérative The Anou,2023,non spécifié,Non spécifié,"Œuvre originale mêlant peinture et travail du cuivre. Les textures riches et les teintes chaudes évoquent le feu, la terre et la lumière. Une composition puissante qui joue sur les contrastes organiques, entre énergie solaire et matière vivante. Peut être accrochée au mur. 86 cm x 49 cm x 2 cm",pas visible,"https://res.cloudinary.com/hork5h8x1/image/upload/q_auto,e_auto_brightness/v1716655972/seller166_product23052_rank1_time1716655971.jpg",2023,1,0,non disponible,Peinture
PeCa15,"Œuvre murale mixte en cuivre, bois et laine",Peinture,Fouzi Yassine-Coopérative The Anou,2024,oui,Non spécifié,"Œuvre murale artisanale faite à la main, combinant peinture, cuivre, bois sculpté et laine d’Anou. Il s’agit d’une peinture en techniques mixtes conçue pour être accrochée au mur. Dimensions : 1 m x 73 cm x 2 cm (5500 g).",pas visible,"https://res.cloudinary.com/hork5h8x1/image/upload/q_auto,e_auto_brightness/v1716636901/seller166_product23049_rank1_time1716636900.jpg",2024,1,1,non disponible,Peinture
PeCa16,Peinture à l'eau sur support rigide,Peinture,Nourdin Boukhir-Coopérative The Anou,2020,non spécifié,Non spécifié,Petite œuvre peinte à la main avec de la peinture à base d’eau. Réalisée à l’aide de pinceaux et d’outils électriques sur un support rigide. Dimensions : 25 cm x 20 cm x 1 cm (200 g). Format léger et prêt à accrocher,pas visible,"https://res.cloudinary.com/hork5h8x1/image/upload/q_auto,e_auto_brightness/v1623453954/seller89_product14944_rank1_time1623453947.jpg",2020,1,0,non disponible,Peinture
PeCa17,Peinture à l'eau sur support rigide,Peinture,Nourdin Boukhir-Coopérative The Anou,2019,non spécifié,Non spécifié,Petite œuvre artisanale réalisée à la main avec de la peinture à base d’eau. Créée à l’aide de pinceaux et d’outils électriques. Dimensions : 25 cm x 20 cm x 1 cm (200 g). Format mural prêt à accrocher.,pas visible,"https://res.cloudinary.com/hork5h8x1/image/upload/q_auto,e_auto_brightness/v1620333100/seller89_product14724_rank1_time1620332810.jpg",2019,1,1,non disponible,Peinture
PeCa18,Nourdin Boukhir Art,Peinture,Nourdin Boukhir-Coopérative The Anou,2022,non spécifié,Non spécifié,"Œuvre réalisée sur bois de dimensions 1m20 x 1m x 3cm (3ft 11in x 3ft 3in x 1in), utilisant pinceaux, outils électriques, peinture à base d'eau et peinture à l'huile.",pas visible,"https://res.cloudinary.com/hork5h8x1/image/upload/q_auto,e_auto_brightness/v1567451859/seller89_product11219_rank1_time1567451539.jpg",2022,1,0,non disponible,Peinture
PeCa19,Nourdin Boukhir Art,Peinture,Nourdin Boukhir-Coopérative The Anou,2023,non spécifié,Non spécifié,"Panneau en bois peint, coloré et ludique, représentant des aspects de la vie marocaine. Dimensions : 20cm x 20cm x 2cm. Œuvre enracinée dans la culture marocaine traditionnelle.",pas visible,"https://res.cloudinary.com/hork5h8x1/image/upload/q_auto,e_auto_brightness/v1716490293/seller89_product23036_rank1_time1716490292.jpg",2023,1,0,non disponible,Peinture
PeCa20,Nourdin Boukhir Art,Peinture,Nourdin Boukhir-Coopérative The Anou,2020,non spécifié,Non spécifié,"Œuvre réalisée avec pinceaux et outils électriques, utilisant peinture à base d’eau. Dimensions : 25 cm x 20 cm x 1 cm.",pas visible,"https://res.cloudinary.com/hork5h8x1/image/upload/q_auto,e_auto_brightness/v1622637389/seller89_product14885_rank1_time1622637350.jpg",2020,1,0,non disponible,Peinture
PeCa21,"Tableau ""Caftan Royal""",Peinture,Atelier Ayoub El Fatyhy,2021,oui,Certificat d’authenticité,"Magnifique peinture à l’huile sur toile, peinte à la main, représentant un caftan. Œuvre signée au recto, réalisée avec soin et passion.",pas visible,https://law7aty.ma/wp-content/uploads/2025/08/14-2-360x432.webp,2021,1,0,non disponible,Peinture
PeCa22,Tableau Fleurs,Peinture,Atelier Ayoub El Fatyhy,2024,oui,Certificat d’authenticité,"Peinture à l’huile sur toile, 90x90 cm, représentant des fleurs modernes. Œuvre encadrée avec un double cadre américain blanc. Signée au recto, réalisée avec soin et passion.",pas visible,https://law7aty.ma/wp-content/uploads/2020/12/Design-sans-titre-_79_-_1_-360x432.webp,2024,1,0,non disponible,Peinture
PeCa23,"Tableau d’art Calligraphie – ""رب اغفر لي و لوالدي""",Calligraphie,Atelier d’impression artistique,2023,oui,Certificat d’authenticité,"Tableau artistique islamique avec calligraphie Arabe : « رب اغفر لي ولوالدي ولمن دخل بيتي مؤمنا وللمؤمنين والمؤمنات ولا تزد الظالمين إلا تبار ». Impression haute qualité sur papier artistique, prêt à être accroché dans un élégant cadre en bois (noir mat ou bois naturel), protégé par verre synthétique anti-casse. Disponible en tailles 35x45 cm et 50x70 cm.",pas visible,https://alouette.ma/wp-content/uploads/2025/04/Grand-50x70-h12-03-A655.jpg,2023,1,0,non disponible,calligraphie
PeCa24,"Tableau d’art Calligraphie – ""و لسوف يعطيك ربك فترضى""",Calligraphie,Atelier d’impression artistique,2025,oui,Certificat d’authenticité,"Tableau décoratif style islamique avec calligraphie Arabe : « و لسوف يعطيك ربك فترضى ». Impression pigmentaire haute qualité sur papier artistique, livré avec un cadre en bois élégant (noir mat ou bois naturel), protégé par verre synthétique anti-casse. Disponible en tailles 35x45 cm et 50x70 cm. Idéal pour salons, chambres et espaces spirituels.",pas visible,https://alouette.ma/wp-content/uploads/2025/04/modele-A646-1.jpg,2025,1,0,non disponible,calligraphie
PeCa25,Tableau Calligraphie Arabe,Calligraphie,Atelier Ayoub El Fatyhy,2023,oui,Œuvre originale signée,"Superbe tableau de calligraphie arabe peint à la main par l’artiste Ayoub El Fatyhy. Réalisé à l’huile sur toile (100 x 80 cm), ce chef-d’œuvre incarne l’élégance de l’art marocain. Idéal pour sublimer votre salon, bureau ou chambre avec une touche artistique raffinée. Une pièce unique qui modernise vos murs et valorise votre intérieur.",pas visible,https://law7aty.ma/wp-content/uploads/2020/12/Tableau-calligraphie-2-360x432.webp,2023,1,1,non disponible,calligraphie
PeCa26,Tableau Allah Nour Samawat,Calligraphie,Atelier artisanal marocain,2025,non spécifié,Non spécifié,"Tableau de calligraphie arabe islamique inspiré du verset coranique « الله نور السموات والأرض » (Allah est la Lumière des cieux et de la terre, Sourate An-Nur, v.35). Impression en couleurs vives, encadré en bois élégant (Noir Mat ou Bois naturel), protégé par un verre synthétique anti-casse. Disponible en deux tailles : 35x45 cm et 50x70 cm.",pas visible,https://alouette.ma/wp-content/uploads/2024/04/mockup-17-10.jpg,2025,1,0,non disponible,calligraphie
PeCa27,Albasmalah – Tableau décoratif,Calligraphie,Atelier artisanal marocain,2025,oui,Impression artistique haut de gamme,"Ensemble de 2 tableaux calligraphie islamique avec la Basmalah (البسملة) et le verset coranique « وَقُلْ رَبِّ زِدْنِي عِلْمًا ». Imprimés en couleurs vives sur papier artistique, encadrés en bois élégant (Noir Mat ou Bois naturel), protégés par verre synthétique anti-casse. Œuvres raffinées pour intérieur spirituel ou cadeau.",pas visible,https://alouette.ma/wp-content/uploads/2024/04/mockup-13-A15-450x450.jpg,2025,1,0,non disponible,calligraphie
PeCa28,Tableau décoration murale Coran – « إلا بذكر الله تطمئن القلوب »,Calligraphie,Atelier de décoration murale au Maroc,2025,oui,Impression artistique,"Tableau décoratif islamique moderne avec calligraphie arabe « ألا بذكر الله تطمئن القلوب ». Impression soignée en couleurs vives sur papier artistique, encadré en bois élégant (noir mat ou naturel), protégé sous verre synthétique anti-casse. Idéal pour salon, bureau ou chambre. Style raffiné alliant spiritualité et élégance.",pas visible,https://alouette.ma/wp-content/uploads/2025/04/Grand-50x70-h11-A704--450x450.jpg,2025,1,0,non disponible,calligraphie
PeCa29,Tableau Architecture Monument,Peinture,Atelier Massinart (Maroc),2025,oui,Impression artistique écoresponsable,"ce tableau Architecture Monument, une œuvre moderne imprimée en haute résolution sur toile canvas 80 % coton, avec des encres écologiques et sans odeur. Disponible en plusieurs formats (40x60, 60x90, 80x120, 100x150 cm) et (sans cadre, bois naturel, noir satin, doré satin).",pas visible,https://massinart.ma/cdn/shop/files/Tableau-decoratif-maroc-interieur-design-moderne-salon-marocain-hotel-architecture-art-mural-massinart7_0d367ab8-f380-4191-a196-ca794a626e59.webp?v=1740501712,2025,1,0,non disponible,Peinture
PeCa30,Golden Riad,Peinture,Atelier Massinart (Maroc),À la commande (production personnalisée),oui,Qualité Premium & Deluxe,"Un tableau unique alliant artisanat et modernité. Conçu sur une toile artistique canvas en coton (80 % – origine Allemagne), monté sur un châssis robuste de 3 cm. Impression haute résolution avec encres écologiques et sans odeur. Disponible en plusieurs dimensions (L40xH60 cm, L60xH90 cm, L80xH120 cm, L100xH150 cm), avec ou sans cadre (doré satin, noir satin, bois naturel).",pas visible,https://massinart.ma/cdn/shop/files/Tableau-decoratif-maroc-interieur-design-moderne-salon-marocain-hotel-architecture-art-mural-massinart3_423ccebd-ed09-47c9-96c5-57da11e2c917.webp?v=1755528696,,1,1,non disponible,Peinture
PeCa31,Golden Alley,Peinture,Atelier Massinart (Maroc),À la commande (production personnalisée),oui,Qualité Premium & Deluxe,"Golden Alley est un tableau d’art mural exclusif qui combine artisanat et modernité. Conçu sur une toile canvas artistique en coton (80 %, origine Allemagne) et monté sur un châssis de 3 cm, il est imprimé en haute résolution avec des encres écologiques et inodores.
Disponible en plusieurs dimensions (L40xH60 cm, L60xH90 cm, L80xH120 cm, L100xH150 cm)",pas visible,https://massinart.ma/cdn/shop/files/tableau-decoratif-maroc-interieur-design-moderne-salon-marocain-hotel-architecture-art-mural-massinart7_a8501fbb-0800-4057-821a-b69ec54fcc28.webp?v=1743606565,,1,1,non disponible,Peinture
PeCa32,Essahra - 2 pièces,Peinture,Atelier Massinart (Maroc),À la commande (production personnalisée),oui,Qualité Premium & Deluxe,"Essahra est un ensemble de 2 tableaux décoratifs inspirés de l’art moderne et de la beauté des paysages sahariens. Chaque tableau est conçu sur une toile canvas artistique en coton (80 %, origine Allemagne), montée sur un châssis de 3 cm.
L’impression est réalisée en haute résolution avec des encres écologiques et sans odeur, garantissant une finition élégante et durable.",pas visible,https://massinart.ma/cdn/shop/files/Tableau-decoratif-maroc-interieur-design-moderne-salon-marocain-hotel-architecture-art-mural-massinart11_792bb024-d70b-4b2f-8e98-741a5508c555.webp?v=1742575201,,1,0,non disponible,Peinture
PeCa33,Ayat al Kursi,Calligraphie,Atelier Massinart (Maroc),À la commande (production personnalisée),non spécifié,Non spécifié,"Le tableau Ayat al Kursi est une œuvre décorative d’inspiration islamique, mettant en valeur la calligraphie arabe du verset le plus emblématique du Coran.",pas visible,https://massinart.ma/cdn/shop/files/Tableau-decoratif-maroc-interieur-design-moderne-salon-marocain-hotel-architecture-art-mural-massinart7_98e4e066-f9e0-436a-ac06-09ac31c7bf0a.webp?v=1740502103,,1,0,non disponible,calligraphie
PeCa34,Tableau décoratif Bismillah,Calligraphie,Atelier Massinart (Maroc),À la commande (production personnalisée),non spécifié,Non spécifié,"Le tableau Bismillah met en valeur une calligraphie arabe élégante, symbole d’ouverture et de spiritualité. Réalisé sur toile canvas en coton (80 % – made in Germany) et monté sur un châssis de 3 cm, il reflète à la fois l’art islamique traditionnel et une touche moderne et raffinée.Disponible en plusieurs dimensions :
L40 x H60 cm
L60 x H90 cm
L80 x H120 cm
L100 x H150 cm",pas visible,https://massinart.ma/cdn/shop/files/Tableau-decoratif-maroc-interieur-design-moderne-salon-marocain-hotel-architecture-art-mural-massinart7_dfc16c18-28fe-42f7-b49a-30e49a06f549.webp?v=1740677403,,1,0,non disponible,calligraphie
PeCa35,Tableau décoratif islamique – Asmaa Allah (Les 99 noms d’Allah),Calligraphie,Atelier Massinart (Maroc),À la commande (production personnalisée),non spécifié,Non spécifié,"Le tableau Asmaa Allah met en avant la calligraphie raffinée des 99 Noms d’Allah, source de spiritualité et de sérénité. Fabriqué sur toile canvas en coton (80 %, origine Allemagne) et monté sur un châssis robuste de 3 cm, il associe tradition et modernité pour sublimer votre intérieur.
Disponible en plusieurs dimensions :
L40 x H60 cm
L60 x H90 cm
L80 x H120 cm
L100 x H150 cm",pas visible,https://massinart.ma/cdn/shop/files/Tableau-decoratif-maroc-interieur-design-moderne-salon-marocain-hotel-architecture-art-mural-massinart7_05563568-b93f-4d4b-a61e-7b5fb20dd1ee.webp?v=1740501587,,1,0,non disponible,calligraphie
PeCa36,Al Fatiha,Calligraphie,Atelier Massinart (Maroc),Non spécifié,non spécifié,Non spécifié,"Tableau artistique premium sur toile canvas, impression haute résolution écologique, création 100% originale, prêt à accrocher avec kit de fixation offert.",pas visible,https://massinart.ma/cdn/shop/files/Tableau-decoratif-maroc-interieur-design-moderne-salon-marocain-hotel-architecture-art-mural-massinart7_5fb0df95-c52a-4bd3-90f5-702284282e5e.webp?v=1740677841,,1,0,non disponible,calligraphie
PeCa37,Azure Alley,Peinture,Atelier Massinart (Maroc),Non spécifié,non spécifié,Non spécifié,"Tableau artistique premium sur toile canvas, impression haute résolution écologique, création 100% originale, prêt à accrocher avec kit de fixation offert.",pas visible,https://massinart.ma/cdn/shop/files/tableau-decoratif-maroc-interieur-design-moderne-salon-marocain-hotel-architecture-art-mural-massinart7_3dbc955a-014b-43ed-a882-b152c3e10e4e.webp?v=1743606512,,1,0,non disponible,Peinture
PoCe01,SAHARA - COUPE EN CERAMIQUE AVEC FIL D'OR,Céramique,Production artisanale – Maroc,2020,oui,Fabriqué et peint à la main au Maroc,"Fabriquée avec soin par des artisans marocains hautement qualifiés, cette pièce unique en céramique blanche est peinte à la main avec des pigments sans plomb. Chaque détail reflète un savoir-faire traditionnel transmis de génération en génération. Avec sa touche d’or 12 carats, elle apporte charme, authenticité et élégance à tout intérieur. Dimension : Ø: 13cm. H: 18cm",pas visible,https://kaolin.ma/cdn/shop/files/DSC1640_500x500_crop_top.progressive.jpg?v=1751302540,2020,1,1,non disponible,Céramique
PoCe02,SOLEIL - BOITE EN CERAMIQUE AVEC FIL D'OR,Poterie,Production artisanale – Maroc,2018,oui,"Fait main – Artisanat marocain, sans plomb","Cette pièce en céramique blanche (Ø : 12 cm, hauteur : 16,5 cm) est fabriquée et peinte à la main au Maroc par des artisans qualifiés. Chaque création est unique et décorée avec des pigments sans plomb, dans le respect du savoir-faire traditionnel transmis de génération en génération. Ornée d’or 12 carats, elle allie authenticité, sécurité et élégance.",pas visible,https://kaolin.ma/cdn/shop/files/DSC_3130_500x500_crop_top.progressive.jpg?v=1686310279,2018,1,1,non disponible,Poterie
PoCe03,Tagine,Poterie,Atelier artisanal – Fès,2018,non,–,"Ce tajine en céramique est peint à la main avec des motifs floraux colorés, inspirés de la richesse de l’art berbère. Disponible en plusieurs tailles (25 cm, 30 cm, 35 cm et 40 cm),",pas visible,https://artnaji.com/wp-content/uploads/2020/08/Berber-Design.jpg,2018,1,1,non disponible,Poterie
PoCe04,Arabic Spire AD,Poterie,ART NAJI,2012,oui,Artisanat du Maroc – Fait main,"Ensemble artisanal en poterie émaillée, décoré à la main avec un motif zellige en bleu et noir. Typique de l'art de Fès, cet objet combine usage culinaire et esthétique décorative.",pas visible,https://artnaji.com/wp-content/uploads/2020/08/Arabic-Spire-AD-B.jpg,2012,1,1,non disponible,Poterie
PoCe05,Solomon Ally AD,Poterie,ART NAJI,2010,oui,Artisanat du Maroc – Fait main,"Bol en poterie blanche décoré manuellement avec des motifs géométriques noirs. Un design inspiré de l’architecture andalouse, parfait pour un usage quotidien ou ornemental.",pas visible,https://artnaji.com/wp-content/uploads/2020/08/Solomon-Ally-AD-Black-B2.jpg,2010,1,1,non disponible,Poterie
PoCe06,Khabya Bel’Aadem,Poterie,ART NAJI,2025,oui,Artisanat du Maroc – Fait main,"Vase décoratif monumental en poterie émaillée, avec motifs orientaux et incrustations colorées. Témoignage du savoir-faire fassi, il incarne l’élégance de la poterie impériale du Maroc.",pas visible,https://artnaji.com/wp-content/uploads/2020/08/Khabya-Bel-Aadem.jpg,2025,1,1,non disponible,Poterie
PoCe07,Jnane L’Fenn,Poterie,ART NAJI,2018,oui,Artisanat du Maroc – Fait main,"Le nom est littéralement traduit par “Jardin des arts”, en référence aux arbres, aux sentiers et aux pétales de fleurs représentés dans le dessin, ainsi qu’à la belle palette de couleurs richement utilisée pour ce bol.",pas visible,https://artnaji.com/wp-content/uploads/2020/08/Jnane-L-Fenn.jpg,2018,1,1,non disponible,Poterie
PoCe08,KS Berber MD,Céramique,ART NAJI,2023,oui,Artisanat du Maroc – Fait main,"Karo’Shbika, l’un des dessins berbères les plus anciens, le motif est inspiré des tatouages des femmes fortes et indépendantes des VIIIe-IXe siècles qui défendaient autrefois différentes tribus berbères au Maroc contre les ennemis.",pas visible,https://artnaji.com/wp-content/uploads/2020/08/KS-Berber-MD-2.jpg,2023,1,1,non disponible,Céramique
PoCe09,Argilica – Mug en céramique,Céramique,Production artisanale – Maroc,2022,non spécifié,Non spécifié,Mug en céramique bleu à motif géométrique gravé.,pas disponible,pas disponible,2022,0,0,non disponible,Céramique
PoCe10,Soleil – Plateau de présentation en céramique avec fil d’or,Céramique,Production artisanale – Maroc,2020,non spécifié,Non spécifié,Plateau en céramique blanche parsemé de petits points en fil d’or.,pas visible,https://kaolin.ma/cdn/shop/files/DSC_3027_c03b1ed5-0e9c-4377-9bb5-2ba2e0c1dd8c@2x.jpg?v=1686251286,2020,1,0,non disponible,Céramique
PoCe11,Silya – L’œuf en céramique d’exception “One of One”,Céramique,Production artisanale – Maroc,2025,non spécifié,Non spécifié,"Œuf en céramique unique, peint à la main avec motif géométrique, disponible en bleu, noir ou violet.",pas visible,https://kaolin.ma/cdn/shop/files/DSC1606@2x.jpg?v=1751300607,2025,1,1,non disponible,Céramique
PoCe12,SET DE 2 TASSES À CAFÉ BICOLORE HANDMADE,Céramique,Production artisanale – Maroc,2021,non spécifié,Non spécifié,"Set de 2 tasses à café bicolores faites à la main. Couleurs disponibles: Orange, Jaune, Noir, Blanc, Nude, Ocre, Rose, Violet. Prix: 89.00 Dhs - 99.00 Dhs. Promotion indiquée: Économisez 151.00 Dhs (-62%).",pas visible,https://kaolin.ma/cdn/shop/files/DSC_0055@2x.jpg?v=1715089810,2021,1,0,89,Céramique
PoCe13,ARGILICA - BOLS EN CERAMIQUE,Céramique,Production artisanale – Maroc,2019,non spécifié,Non spécifié,"Bol en céramique de la marque Argilica. Disponible en différentes tailles, dont le Petit bol D10cm. Prix pour le petit bol: 39.00 Dhs (prix initial 110.00 Dhs), économisez 241.00 Dhs (-86%).",pas visible,https://kaolin.ma/cdn/shop/files/DSC_3079@2x.jpg?v=1703074181,2019,1,0,39,Céramique
PoCe14,PLANCHE EN MARBRE NATUREL,Articles de cuisine / Décoration / Marbre,Production artisanale – Maroc,2017,non spécifié,Non spécifié,"Planche de présentation ou de découpe en marbre naturel. Design élégant et épuré, parfaite pour la cuisine ou comme élément décoratif. Visiblement de la marque KAOLIN HOME. Prix: 99.00 Dhs (ancien prix 280.00 Dhs), vous économisez 181.00 Dhs (-64%).",pas visible,https://kaolin.ma/cdn/shop/products/planche-en-marbre-naturel-431@2x.jpg?v=1674671979,2017,1,0,99,Other
PoCe15,Vase Marocain en Céramique ou Vase Berbère,Céramique,Production artisanale – Maroc,2023,non spécifié,Non spécifié,"Pichet/vase en terre cuite rouge marocaine artisanale, peint à la main avec du goudron naturel (poix). Traditionnellement utilisé pour boire de l'eau, car il désinfecte et maintient la fraîcheur de l'eau. Les motifs peuvent varier légèrement (fait main). Tailles disponibles : Grand (environ 2L), Moyen (environ 1,5L), Petit (environ 1L). Prix: 22,90 €.",pas visible,https://jaimaalkauzar.es/14168-superlarge_default_2x/vase-marocain-en-ceramique-ou-vase-berbere-naturel-terre-cuite-rouge-desinfectant-naturel-rafraichissant-modele-kitran-n-3.jpg,2023,1,1,963,Céramique
PoCe16,Vase Berbère Marocain Oriental en Céramique Terre Cuite,Céramique,Artigianato Marocco,2022,non spécifié,Non spécifié,"Chef-d'œuvre fabriqué à la main en terre cuite, de couleur jaune avec motifs traditionnels berbères et orientaux. Dimensions: H. 38 cm (approx. 25x11x38 cm). Forme ronde. Pièce décorative unique témoignant du riche héritage culturel du Maroc. Idéal comme œuvre d'art à montrer ou cadeau exotique. Marque: Generico. Actuellement indisponible.",pas visible,https://m.media-amazon.com/images/I/7117IBlWAdL._AC_SX679_.jpg,2022,1,0,non disponible,Céramique
PoCe17,Théière Marocaine Artisanale en Céramique,Céramique,FezPottery,2023,non spécifié,Non spécifié,"Théière marocaine exquise fabriquée à la main par des artisans qualifiés de Fès, Maroc. Elle présente des motifs géométriques complexes dans des nuances vibrantes de bleu, rouge, jaune et vert. Idéale pour infuser et servir du thé ou comme pièce décorative. Matériau: Céramique. Prix: 60,76 (prixinitial62). En stock.",pas visible,https://fez-pottery.com/ressources/img/uploads/products/fzpcode-ppn-15/moroccan-handcrafted-ceramic-teapot-2-66fac94ee4c1121115.png,2023,1,0,60,Céramique
PoCe18,Porte-Savon Marocain en Céramique,Céramique,FezPottery,2019,non spécifié,Non spécifié,"Porte-savon marocain exquis en céramique, pièce à la fois belle et fonctionnelle pour toute salle de bain. Fabriqué à la main par des artisans qualifiés de Fès, Maroc. Il présente des motifs géométriques complexes bleus et blancs, caractéristiques de la poterie marocaine traditionnelle. Idéal pour contenir une barre de savon ou comme pièce décorative. Matériau: Céramique. Prix: 9 $. En stock.",pas visible,https://fez-pottery.com/ressources/img/uploads/products/fzpcode-ppn-23/moroccan-ceramic-soap-dish-2-23.png,2019,1,0,88.2,Céramique
PoCe19,Bocal de Rangement Marocain en Céramique Artisanale,Céramique,FezPottery,2018,non spécifié,Non spécifié,"Bocal de rangement exquis en céramique émaillée de haute qualité, fabriqué et peint à la main par des artisans qualifiés de Fès. Design audacieux et élégant bleu cobalt et blanc, avec motifs géométriques et floraux complexes inspirés du zellige marocain. Idéal pour stocker épices, bibelots ou comme pièce décorative. Dimensions: Diamètre approx. 10-12 cm; Hauteur approx. 6-8 cm. Entretien: lavage à la main recommandé. Prix: 39,9 (prixinitial42). En stock.",pas visible,https://fez-pottery.com/ressources/img/uploads/products/fzpcode-ppn-33/handcrafted-moroccan-ceramic-storage-jar-0-680286d0706bf36571.png,2018,1,1,39,Céramique
PoCe20,Vase de Table Marocain en Céramique Artisanale,Céramique,FezPottery,2019,non spécifié,Non spécifié,"Vase de table marocain exquis en céramique, pièce à la fois belle et fonctionnelle. Fabriqué à la main par des artisans qualifiés de Fès, Maroc. Il présente des motifs géométriques complexes bleus et blancs, caractéristiques de la poterie marocaine traditionnelle. Idéal pour exposer des fleurs fraîches ou des arrangements secs, ou comme pièce maîtresse décorative. Matériau: Céramique. Prix: 378 (prixinitial420). En stock.",pas visible,https://fez-pottery.com/ressources/img/uploads/products/fzpcode-ppn-30/handcrafted-moroccan-table-vase-0-30.png,2019,1,0,378,Céramique
PoCe21,Beurrier Marocain Artisanale en Céramique,Céramique,FezPottery,2020,non spécifié,Non spécifié,"Beurrier marocain exquis en céramique, pièce à la fois belle et fonctionnelle pour toute table de cuisine. Fabriqué à la main par des artisans qualifiés de Fès, Maroc. Il présente des motifs géométriques complexes bleus et blancs, caractéristiques de la poterie marocaine traditionnelle. Idéal pour conserver et servir le beurre ou comme pièce décorative. Matériau: Céramique. Prix: 55 $. En stock.",pas visible,https://fez-pottery.com/ressources/img/uploads/products/fzpcode-ppn-18/moroccan-handcrafted-ceramic-butter-dish-4-66fbf8d8494d749377.png,2020,1,0,539,Céramique
PoCe22,Assiettes marocaines Mandala bleu et blanc,Céramique,atelier de poterie à Fès,2018,non spécifié,Fait main à Fès – Artisanat marocain,"Élégantes assiettes marocaines en céramique, peintes à la main avec des motifs mandala bleu et blanc. Résistantes, compatibles lave-vaisselle. Parfaites pour une table raffinée. Dimensions : diamètre 15,7 cm, hauteur 15 cm. Matériau : céramique.",pas visible,https://fez-pottery.com/ressources/img/uploads/products/fzpcode-ppn-2/moroccan-blue-and-white-mandala-dinner-plates-2-66fbfc792a8e332401.png,2018,1,1,non disponible,Céramique
PoCe23,Assiette Carrée Marocaine en Céramique pour Snacks,Céramique,FezPottery,2017,non spécifié,Non spécifié,"Exquise assiette carrée marocaine en céramique, pièce à la fois belle et fonctionnelle pour toute table. Fabriquée à la main par des artisans qualifiés de Fès, Maroc. Elle présente des motifs géométriques complexes bleus et blancs, caractéristiques de la poterie marocaine traditionnelle. Idéale pour servir des snacks, des apéritifs ou comme pièce décorative. Matériau: Céramique. Prix: 66,64 (prixinitial68). En stock.",pas visible,https://fez-pottery.com/ressources/img/uploads/products/fzpcode-ppn-28/moroccan-ceramic-square-snack-plate-0-28.png,2017,1,0,66,Céramique
PoCe24,Assiette Traditionnelle Safranée,Poterie,Atelier artisanal – Fès,2018,non spécifié,Fait main,"Lot de 4 assiettes artisanales en céramique blanche, fabriquées et peintes à la main avec une peinture sans plomb. Les motifs géométriques reflètent l’élégance de l’art marocain traditionnel. Diamètre : 25 cm. Parfait pour vos repas ou comme décoration de table raffinée.",pas visible,https://kaolin.ma/cdn/shop/files/DSC_7815_219x.progressive.jpg?v=1732896544,2018,1,1,non disponible,Poterie
PoCe25,Pot à Crayons Marocain en Céramique Artisanale,Céramique,FezPottery,2012,non spécifié,Non spécifié,"Pot à crayons marocain exquis en céramique, pièce à la fois belle et fonctionnelle pour tout bureau ou espace de travail. Fabriqué à la main par des artisans qualifiés de Fès, Maroc. Il présente des motifs géométriques complexes dans des nuances vibrantes de bleu, vert, jaune et orange. Idéal pour ranger crayons, stylos ou autres ustensiles d'écriture. Matériau: Céramique. Prix: 55 $. En stock.",pas visible,https://fez-pottery.com/ressources/img/uploads/products/fzpcode-ppn-19/moroccan-handcrafted-ceramic-pencil-holder-2-66fae1a7a43c815361.png,2012,1,0,539,Céramique
PoCe26,Mug Marocain Artisanale en Céramique,Céramique,FezPottery,2016,non spécifié,Non spécifié,"Mug marocain exquis en céramique, pièce à la fois belle et fonctionnelle pour la maison. Fabriqué à la main par des artisans qualifiés de Fès, Maroc. Il présente des motifs géométriques complexes bleus et blancs, caractéristiques de la poterie marocaine traditionnelle. Idéal pour savourer votre boisson préférée ou comme pièce décorative. Matériau: Céramique. Prix: 43 $. En stock.",pas visible,https://fez-pottery.com/ressources/img/uploads/products/fzpcode-ppn-14/moroccan-handcrafted-ceramic-mug-1-66fbd86f1d16f10866.png,2016,1,0,421.4,Céramique
PoCe27,Ensemble Tasse et Soucoupe à Café Marocain en Céramique Artisanale,Céramique,FezPottery,2015,non spécifié,Non spécifié,"Exquis ensemble tasse et soucoupe à café marocain en céramique, pièce à la fois belle et fonctionnelle pour la maison. Fabriqué à la main par des artisans qualifiés de Fès, Maroc. Il présente des motifs géométriques complexes dans des nuances vibrantes de bleu, rouge, jaune, vert et orange. Parfait pour savourer votre boisson préférée ou comme pièces décoratives. Matériau: Céramique. Prix: 36,1 (prixinitial38). En stock.",pas visible,https://fez-pottery.com/ressources/img/uploads/products/fzpcode-ppn-26/moroccan-ceramic-cup-and-coffee-set-5-26.png,2015,1,0,36,Céramique
PoCe28,Bocal de Rangement Marocain en Céramique Artisanale,Céramique,FezPottery,2025,non spécifié,Non spécifié,"Bocal de rangement marocain exquis en céramique, pièce à la fois belle et fonctionnelle pour la maison. Fabriqué à la main par des artisans qualifiés de Fès, Maroc. Il présente des motifs géométriques complexes bleus et blancs, caractéristiques de la poterie marocaine traditionnelle. Idéal pour ranger sucre, épices, thé ou autres petits objets. Matériau: Céramique. Prix: 69 $. En stock.",pas visible,https://fez-pottery.com/ressources/img/uploads/products/fzpcode-ppn-20/moroccan-handcrafted-ceramic-storage-jar-0-66faa577dea0849307.png,2025,1,0,676.2,Céramique
PoCe29,Bocal en Céramique Peint à la Main – Motif Soleil Bohémien,Céramique,FezPottery,2017,non spécifié,Non spécifié,"Bocal en céramique de haute qualité avec finition émaillée lisse, peint à la main d'un motif solaire rayonnant et de rayures multicolores (vert, orange, rouge, bleu, jaune). Chaque pièce est unique. Dimensions estimées: diamètre 10-12 cm, hauteur 5-7 cm. Idéal pour ranger épices, bijoux ou comme objet décoratif. Entretien: lavage à la main recommandé. Style: bohème, ethnique, méditerranéen. Prix: 17,46 (prixinitial18). En stock.",pas visible,https://fez-pottery.com/ressources/img/uploads/products/fzpcode-ppn-32/handcrafted-moroccan-ceramic-storage-jar-blue-mosaic-design-0-32.jpg,2017,1,1,17,Céramique
PoCe30,Bocal de Rangement Marocain en Céramique Artisanale,Céramique,FezPottery,2019,non spécifié,Non spécifié,"Bocal de rangement marocain exquis en céramique de haute qualité, fabriqué à la main par des artisans de Fès. Présente un design bleu audacieux et élégant avec des motifs géométriques et floraux inspirés des carreaux nord-africains. Idéal pour stocker épices, petits bibelots ou comme pièce décorative pour la cuisine, la salle de bain ou le salon. Matériau: Céramique. Prix: 29,45 (prixinitial31). En stock.",pas visible,https://fez-pottery.com/ressources/img/uploads/products/fzpcode-ppn-31/moroccan-ceramic-storage-jar-with-lid-0-31.jpg,2019,1,0,29,Céramique
PoCe31,Ensemble Tasse et Soucoupe à Café Marocain Artisanal,Céramique,FezPottery,2020,non spécifié,Non spécifié,"Exquis ensemble tasse et soucoupe à café marocain en céramique, pièce à la fois belle et fonctionnelle pour la maison. Fabriqué à la main par des artisans qualifiés de Fès, Maroc. Il présente des motifs géométriques complexes dans des nuances vibrantes de bleu, rouge, jaune, vert et orange. Parfait pour savourer votre boisson préférée ou comme pièces décoratives. Matériau: Céramique. Prix: 36,9 (prixinitial41). En stock.",pas visible,https://fez-pottery.com/ressources/img/uploads/products/fzpcode-ppn-25/moroccan-ceramic-cup-and-saucer-set-with-colorful-geometric-patterns-0-25.png,2020,1,0,36,Céramique
PoCe32,Pot à Crème Marocain en Céramique Artisanale,Céramique,FezPottery,2021,non spécifié,Non spécifié,"Pot à crème marocain exquis en céramique, pièce à la fois belle et fonctionnelle pour toute cuisine. Fabriqué à la main par des artisans qualifiés de Fès, Maroc. Il présente des motifs géométriques complexes bleus et blancs, caractéristiques de la poterie marocaine traditionnelle. Idéal pour servir de la crème, du lait ou d'autres liquides. Matériau: Céramique. Prix: 49,47 $ (prix initial 51$). En stock.",pas visible,https://fez-pottery.com/ressources/img/uploads/products/fzpcode-ppn-4/moroccan-handcrafted-ceramic-creamer-jug-0-66f55c25c986351579.png,2021,1,0,460.6,Céramique
PoCe33,Bocal en Céramique Bleu Marine Fait Main – Motif Feuille d'Éventail,Céramique,FezPottery,2023,non spécifié,Non spécifié,"Élégant bocal en céramique bleu marine fait main, doté d'un superbe motif de feuille d'éventail peint à la main dans des tons beige doux. Pièce fonctionnelle et décorative, idéale pour ranger souvenirs, épices, ou comme pièce maîtresse. Ajoute un charme intemporel avec sa palette de couleurs riches et son motif inspiré de la nature. Design compact parfait pour les tables ou étagères. Matériau: Céramique. Prix: 12,74 $ (prix initial 13$). En stock.",pas visible,https://fez-pottery.com/ressources/img/uploads/products/fzpcode-ppn-34/elegant-navy-blue-handcrafted-ceramic-jar-fan-leaf-pattern-4-34.jpg,2023,1,1,725.2,Céramique
PoCe34,Vase Marocain en Céramique Bleu et Blanc,Céramique,FezPottery,2022,non spécifié,Non spécifié,"Vase marocain exquis en céramique, pièce à la fois belle et fonctionnelle pour la maison. Fabriqué à la main par des artisans qualifiés de Fès, Maroc. Il présente des motifs géométriques complexes bleus et blancs, caractéristiques de la poterie marocaine traditionnelle. Idéal pour exposer des fleurs fraîches ou des arrangements secs, ou comme pièce maîtresse décorative. Matériau: Céramique. Prix: 332,5 (prixinitial350). En stock.",pas visible,https://fez-pottery.com/ressources/img/uploads/products/fzpcode-ppn-29/moroccan-ceramic-vase-with-blue-and-white-geometric-patterns-0-29.png,2022,1,0,332,Céramique
PoCe35,Bol à Trempette Marocain en Céramique Artisanale,Céramique,FezPottery,2020,non spécifié,Non spécifié,"Bol à trempette marocain exquis en céramique, pièce à la fois belle et fonctionnelle pour toute cuisine ou table de fête. Fabriqué à la main par des artisans qualifiés de Fès, Maroc. Il présente des motifs géométriques complexes bleus et blancs, caractéristiques de la poterie marocaine traditionnelle. Idéal pour servir des trempettes, des sauces ou comme pièce décorative. Matériau: Céramique. Prix: 75 $. En stock.",pas visible,https://fez-pottery.com/ressources/img/uploads/products/fzpcode-ppn-21/moroccan-handcrafted-ceramic-dip-bowl-0-21.jpg,2020,1,0,735,Céramique
PoCe36,Bol à Dessert Marocain en Céramique Artisanale,Céramique,FezPottery,2017,non spécifié,Non spécifié,"Bol à dessert marocain exquis en céramique, pièce à la fois belle et fonctionnelle pour toute table. Fabriqué à la main par des artisans qualifiés de Fès, Maroc. Il présente des motifs géométriques complexes bleus et blancs, caractéristiques de la poterie marocaine traditionnelle. Idéal pour servir des parfaits, des desserts ou comme pièce décorative. Matériau: Céramique. Prix: 52,25 $ (prix initial 55$). En stock.",pas visible,https://fez-pottery.com/ressources/img/uploads/products/fzpcode-ppn-5/blue-moroccan-fassi-designed-bowl-0-66f560a43370d48422.png,2017,1,0,245,Céramique
PoCe37,Sucrier Marocain Élégant en Céramique,Céramique,FezPottery,2018,non spécifié,Non spécifié,"Sucrier marocain exquis en céramique, pièce à la fois belle et fonctionnelle pour toute cuisine. Fabriqué à la main par des artisans qualifiés de Fès, Maroc. Il présente des motifs géométriques complexes bleus et blancs, caractéristiques de la poterie marocaine traditionnelle. Le bol est surmonté d'un couvercle bombé et possède une base carrée. Idéal pour ranger sucre, épices ou autres petits objets. Matériau: Céramique. Prix: 48 $. En stock.",pas visible,https://fez-pottery.com/ressources/img/uploads/products/fzpcode-ppn-1/elegant-moroccan-ceramic-sugar-bowl-2-66fabcbe1ad9480428.png,2018,1,0,470.4,Céramique
PoCe38,Bol Carré Marocain Artisanale en Céramique,Céramique,FezPottery,2018,non spécifié,Non spécifié,"Bol carré marocain exquis en céramique, pièce à la fois belle et fonctionnelle pour toute table. Fabriqué à la main par des artisans qualifiés de Fès, Maroc. Il présente des motifs géométriques complexes dans des nuances vibrantes de bleu, jaune, vert et orange. Idéal pour servir des snacks, des apéritifs ou comme pièce décorative. Matériau: Céramique. Prix: 75 $. En stock.",pas visible,https://fez-pottery.com/ressources/img/uploads/products/fzpcode-ppn-13/moroccan-handcrafted-ceramic-square-bowl-2-66fbdb211aba485331.png,2018,1,0,735,Céramique
PoCe39,Saladier Marocain en Céramique,Céramique,FezPottery,2016,non spécifié,Non spécifié,"Saladier marocain exquis en céramique, pièce à la fois belle et fonctionnelle pour toute table. Fabriqué à la main par des artisans qualifiés de Fès, Maroc. Il présente des motifs géométriques complexes bleus et blancs, caractéristiques de la poterie marocaine traditionnelle. Idéal pour servir des salades, des soupes ou comme pièce décorative. Matériau: Céramique. Prix: 85 $. En stock.",pas visible,https://fez-pottery.com/ressources/img/uploads/products/fzpcode-ppn-22/moroccan-ceramic-salad-bowl-2-22.png,2016,1,0,833,Céramique
PoCe40,Bol Carré Marocain Artisanale en Céramique,Céramique,FezPottery,2019,non spécifié,Non spécifié,"Bol carré marocain exquis en céramique, pièce à la fois belle et fonctionnelle pour toute table. Fabriqué à la main par des artisans qualifiés de Fès, Maroc. Il présente des motifs géométriques complexes bleus et blancs, caractéristiques de la poterie marocaine traditionnelle. Idéal pour servir des snacks, des apéritifs ou comme pièce décorative. Matériau: Céramique. Prix: 75 $. En stock.",pas visible,https://fez-pottery.com/ressources/img/uploads/products/fzpcode-ppn-17/moroccan-handcrafted-ceramic-square-snack-bowl-0-17.png,2019,1,0,735,Céramique
PoCe41,Bol Marocain en Céramique Colorée Fait Main,Céramique,FezPottery,2017,non spécifié,Non spécifié,"Ce vibrant bol marocain en céramique est une pièce belle et fonctionnelle pour toute table. Fabriqué à la main par des artisans qualifiés de Fès, Maroc, le bol présente des motifs géométriques complexes dans une gamme de couleurs superbes, notamment le bleu, le jaune, le vert et l'orange. Il est parfait pour servir des salades, des soupes, des snacks ou comme pièce décorative. Matériau: Céramique. Prix: 65 $. En stock.",pas visible,https://fez-pottery.com/ressources/img/uploads/products/fzpcode-ppn-24/handcrafted-colorful-moroccan-ceramic-bowl-0-66fbe3575d02a56304.png,2017,1,0,637,Céramique
PoCe42,Assiette à Snack Marocaine en Céramique Artisanale,Céramique,FezPottery,2019,non spécifié,Non spécifié,"Assiette à snack marocaine exquise en céramique, pièce à la fois belle et fonctionnelle pour toute table. Fabriquée à la main par des artisans qualifiés de Fès, Maroc. Elle présente des motifs géométriques complexes bleus et blancs, caractéristiques de la poterie marocaine traditionnelle. Idéale pour servir des snacks, des apéritifs ou comme pièce décorative. Matériau: Céramique. Prix: 75,46 $ (prix initial 77$). En stock.",pas visible,https://fez-pottery.com/ressources/img/uploads/products/fzpcode-ppn-12/moroccan-handcrafted-ceramic-snack-plate-0-66f570a8cea4051985.png,2019,1,0,450.8,Céramique
PoCe43,Assiette Carrée Marocaine en Céramique Artisanale,Céramique,FezPottery,2023,non spécifié,Non spécifié,"Assiette carrée marocaine exquise en céramique, pièce à la fois belle et fonctionnelle pour toute table. Fabriquée à la main par des artisans qualifiés de Fès, Maroc. Elle présente des motifs géométriques complexes bleus et blancs, caractéristiques de la poterie marocaine traditionnelle. Idéale pour servir des apéritifs, des snacks ou comme pièce décorative. Matériau: Céramique. Prix: 47,04 $ (prix initial 48$). En stock.",pas visible,https://fez-pottery.com/ressources/img/uploads/products/fzpcode-ppn-10/moroccan-handcrafted-ceramic-square-plate-0-66f572417a39540088.png,2023,1,0,39.2,Céramique
PoCe44,Bol en Céramique au Design Fassi,Céramique,FezPottery,2017,non spécifié,Non spécifié,"Ce saladier exquis présente un design bleu captivant, inspiré de l'esthétique marocaine traditionnelle. Les motifs complexes et les couleurs vibrantes ajoutent une touche d'élégance à toute table, en faisant un choix parfait pour un usage quotidien et les occasions spéciales. Fabriqué à la main avec précision, notre bol est une œuvre d'art qui reflète le savoir-faire des artisans marocains. La haute qualité de l'artisanat assure durabilité et une touche unique à votre présentation culinaire. Matériau: Céramique. Prix: 76,29 $ (prix initial 80,3$). En stock.",pas visible,https://fez-pottery.com/ressources/img/uploads/products/fzpcode-ppn-11/fassi-designed-bowl-made-in-pottery-0-66fad05c05c2f84581.png,2017,1,1,284.2,Céramique
PoCe45,Double Mini Support à Épices Marocain en Céramique,Céramique,FezPottery,2012,non spécifié,Non spécifié,"Support à épices double mini tagine marocain exquis en céramique, pièce belle et fonctionnelle pour toute cuisine. Fabriqué à la main par des artisans qualifiés de Fès, Maroc. Le support présente des motifs géométriques complexes bleus et blancs, caractéristiques de la poterie marocaine traditionnelle. Idéal pour ranger épices, condiments ou autres petits objets. Matériau: Céramique. Prix: 7 $. En stock.",pas visible,https://fez-pottery.com/ressources/img/uploads/products/fzpcode-ppn-16/moroccan-ceramic-double-mini-tagine-spice-holder-0-16.png,2012,1,0,68.6,Céramique
PoCe46,Mini Plat Tagine Marocain Peint à la Main – Support à Épices ou Pièce Décorative,Céramique,FezPottery,2021,non spécifié,Non spécifié,"Mini plat tagine marocain exquis peint à la main, idéal pour rehausser votre présentation culinaire. Doté d'un motif traditionnel vibrant bleu et jaune, cette tagine magnifiquement conçue est à la fois une pièce de service et un élément décoratif. Parfaite pour servir des apéritifs, des trempettes, des sauces ou de petites portions de plats d'inspiration marocaine. Fabriquée à la main par des artisans qualifiés en céramique de haute qualité résistante à la chaleur. Polyvalente et facile à nettoyer. Matériau: Céramique. Prix: 9,5 $ (prix initial 10$). En stock.",pas visible,https://fez-pottery.com/ressources/img/uploads/products/fzpcode-ppn-35/handpainted-moroccan-mini-tagine-dish-ceramic-spice-holder-or-decorative-piece-0-35.png,2021,1,1,49,Céramique
PoCe47,Zellige marocain,Zellige,Production artisanale – Maroc,2022,non spécifié,Non spécifié,"Le zellige de Fès est un art traditionnel marocain emblématique, constitué de mosaïques en carreaux de céramique émaillée. Fabriqué à partir d’argile blanche locale, il suit un processus artisanal minutieux : l’argile est pétrie, façonnée en tesselles, cuite, émaillée avec des pigments naturels, puis recuite. Les carreaux sont ensuite découpés manuellement en formes géométriques (carrés, étoiles, triangles, etc.) et assemblés pour former des motifs complexes et colorés (blanc, bleu, vert, jaune, brun). Utilisé pour orner murs, sols, fontaines et éléments architecturaux, le zellige de Fès incarne un savoir-faire ancestral transmis de génération en génération, chaque pièce portant la marque unique de l’artisan.",pas visible,https://maison-zellige.com/wp-content/uploads/2021/04/TARCEEH-01.jpg,2022,1,1,non disponible,Céramique
PoCe48,Céramique bleu de Fes,Céramique,Production artisanale – Maroc,2018,non spécifié,Non spécifié,"La céramique bleue de Fès est un artisanat marocain traditionnel reconnu pour son bleu cobalt caractéristique et ses motifs décoratifs peints à la main, souvent inspirés de l’art islamique. Produite à Fès, capitale de la céramique au Maroc, elle se décline en vaisselle, objets décoratifs et utilitaires. Les céramiques bleues de Fès sont utilisées pour une grande variété d'objets, allant de la vaisselle (assiettes, bols, plats) à des objets décoratifs (vases, jarres) et utilitaires (lampes à huile, brûle-parfums). Alliant savoir-faire ancestral, beauté et robustesse, elle constitue un symbole fort du patrimoine culturel et artistique de la ville.",pas visible,https://upload.wikimedia.org/wikipedia/commons/thumb/4/47/Bleu_de_fes.jpg/500px-Bleu_de_fes.jpg,2018,1,1,non disponible,Céramique
